name,level,date
asd,5,05-06-1996
dsd,1,11-03-2023
sssd,6,05-01-2023
aassd,3,21-08-2002
abxsd,6,05-12-2003
acbsd,6,11-11-2007
sasd,6,11-03-2009
asd,6,02-01-2012
asd,7,23-05-2026
asasd,2,24-02-2002
asd,1,19-11-2002
asd,3,15-06-2001
asd,6,17-07-1996
adsd,5,15-09-2023
asd,6,11-06-2023
asd,4,11-06-2023
fasd,6,11-06-2023
sasd,6,11-06-2023
asd,3,11-06-2023
asd,6,11-06-2023
xasd,6,11-06-2023
zasd,2,11-06-2023
asd,1,11-06-2023
bsudi,2,11-06-2023
oasd,3,11-06-2023
jasd,6,11-06-2023
zbasd,7,11-06-2023
asd,9,11-06-2023
asd,2,12-06-2023
asd,10,16-06-2023
asd,2,18-06-2023
